<Sysmon schemaversion="4.30">
	<EventFiltering>
		<RuleGroup name="" groupRelation="or">
			<FileCreate onmatch="exclude">
				<Image condition="is">C:\Windows\System32\smss.exe</Image>				<!-- Microsoft:Windows: Session Manager SubSystem: Creates swapfile.sys,pagefile.sys,hiberfile.sys-->
				<Image condition="is">C:\Windows\system32\CompatTelRunner.exe</Image>				<!-- Microsoft:Windows: Windows 10 app, creates tons of cache files-->
				<Image condition="is">C:\Windows\system32\wbem\WMIADAP.EXE</Image>				<!-- Microsoft:Windows: WMI Performance updates-->
				<TargetFilename condition="begin with">C:\Windows\System32\DriverStore\Temp\</TargetFilename>				<!-- Microsoft:Windows: Temp files by DrvInst.exe-->
				<TargetFilename condition="begin with">C:\Windows\System32\wbem\Performance\</TargetFilename>				<!-- Microsoft:Windows: Created in wbem by WMIADAP.exe-->
				<TargetFilename condition="end with">WRITABLE.TST</TargetFilename>				<!-- Microsoft:Windows: Created in wbem by svchost-->
			</FileCreate>
		</RuleGroup>
	</EventFiltering>
</Sysmon>
