<Sysmon schemaversion="4.30">
	<EventFiltering>
		<RuleGroup name="" groupRelation="or">
			<RegistryEvent onmatch="exclude">
				<!--SECTION: Windows:Misc-->
				<TargetObject condition="end with">\CurrentVersion\App Paths</TargetObject>				<!--Microsoft:Windows: Remove noise from the "\Windows\CurrentVersion\App Paths" wildcard-->
				<TargetObject condition="end with">\CurrentVersion\Image File Execution Options</TargetObject>				<!--Microsoft:Windows: Remove noise from the "\Windows\CurrentVersion\Image File Execution Options" wildcard-->
				<TargetObject condition="end with">\CurrentVersion\Shell Extensions\Cached</TargetObject>				<!--Microsoft:Windows: Remove noise from the "\CurrentVersion\Shell Extensions\Cached" wildcard-->
				<TargetObject condition="end with">\CurrentVersion\Shell Extensions\Approved</TargetObject>				<!--Microsoft:Windows: Remove noise from the "\CurrentVersion\Shell Extensions\Approved" wildcard-->
				<TargetObject condition="end with">}\PreviousPolicyAreas</TargetObject>				<!--Microsoft:Windows: Remove noise from \Winlogon\GPExtensions by svchost.exe-->
				<TargetObject condition="contains">\Control\WMI\Autologger\</TargetObject>				<!--Microsoft:Windows: Remove noise from monitoring "\Start"-->
				<TargetObject condition="end with">HKLM\SYSTEM\CurrentControlSet\Services\UsoSvc\Start</TargetObject>				<!--Microsoft:Windows: Remove noise from monitoring "\Start"-->
				<TargetObject condition="end with">\Lsa\OfflineJoin\CurrentValue</TargetObject>				<!--Microsoft:Windows: Sensitive value during domain join-->
				<TargetObject condition="end with">\Components\TrustedInstaller\Events</TargetObject>				<!--Microsoft:Windows: Remove noise monitoring Winlogon-->
				<TargetObject condition="end with">\Components\TrustedInstaller</TargetObject>				<!--Microsoft:Windows: Remove noise monitoring Winlogon-->
				<TargetObject condition="end with">\Components\Wlansvc</TargetObject>				<!--Microsoft:Windows: Remove noise monitoring Winlogon-->
				<TargetObject condition="end with">\Components\Wlansvc\Events</TargetObject>				<!--Microsoft:Windows: Remove noise monitoring Winlogon-->
				<TargetObject condition="begin with">HKLM\SOFTWARE\Microsoft\Windows\CurrentVersion\Installer\UserData\S-1-5-18\</TargetObject>				<!--Microsoft:Windows: Remove noise monitoring installations run as system-->
				<TargetObject condition="end with">\Directory\shellex</TargetObject>				<!--Microsoft:Windows: Remove noise monitoring Classes-->
				<TargetObject condition="end with">\Directory\shellex\DragDropHandlers</TargetObject>				<!--Microsoft:Windows: Remove noise monitoring Classes-->
				<TargetObject condition="end with">\Drive\shellex</TargetObject>				<!--Microsoft:Windows: Remove noise monitoring Classes-->
				<TargetObject condition="end with">\Drive\shellex\DragDropHandlers</TargetObject>				<!--Microsoft:Windows: Remove noise monitoring Classes-->
				<TargetObject condition="contains">_Classes\AppX</TargetObject>				<!--Microsoft:Windows: Remove noise monitoring "Shell\open\command"-->				<!--Win8+-->
				<TargetObject condition="begin with">HKLM\SOFTWARE\Microsoft\Windows\CurrentVersion\WINEVT\Publishers\</TargetObject>				<!--Microsoft:Windows: SvcHost Noise-->
				<TargetObject condition="contains all">SOFTWARE;\Microsoft\EnterpriseCertificates\Disallowed</TargetObject>
				<TargetObject condition="contains all">SOFTWARE;\Microsoft\SystemCertificates\Disallowed</TargetObject>
				<TargetObject condition="contains">Software\Microsoft\Windows\CurrentVersion\WinTrust\Trust Providers\Software Publishing</TargetObject>
				<TargetObject condition="is">HKLM\SOFTWARE\Policies\Microsoft\SystemCertificates\Root\Certificates</TargetObject>
				<Image condition="is">C:\Windows\SystemApps\Microsoft.Windows.Cortana_cw5n1h2txyewy\SearchUI.exe</Image>				<!--Microsoft:Windows: Remove noise from Windows 10 Cortana | Credit @ion-storm-->				<!--Win10-->
				<Image condition="begin with">C:\$WINDOWS.~BT\</Image>				<!--Microsoft:Windows: Update/Upgrade noise -->
				<TargetObject condition="is">HKLM\System\CurrentControlSet\Services\Tcpip\Parameters</TargetObject>
				<Rule groupRelation="and">
					<Image condition="is">C:\Windows\system32\lsass.exe</Image>
					<TargetObject condition="contains">HKLM\System\CurrentControlSet\Services</TargetObject>
				</Rule>
				<Rule groupRelation="and">
					<TargetObject condition="contains">SOFTWARE\Microsoft\Windows\CurrentVersion\DeliveryOptimization</TargetObject>
					<Image condition="is">C:\Windows\System32\svchost.exe</Image>
				</Rule>
				<TargetObject condition="is">HKLM\System\CurrentControlSet\Services\W32Time\Config\LastKnownGoodTime</TargetObject>
				<TargetObject condition="is">HKLM\System\CurrentControlSet\Services\SmsRouter\State\Registration\Ids</TargetObject>
			</RegistryEvent>
		</RuleGroup>
	</EventFiltering>
</Sysmon>
