<Sysmon schemaversion="4.30">
	<EventFiltering>
		<RuleGroup name="" groupRelation="or">
			<RegistryEvent onmatch="include">
				<!--Windows Defender tampering | Credit @ion-storm -->
				<TargetObject name="technique_id=T1562.001,technique_name=Disable or Modify Tools" condition="begin with">HKLM\SOFTWARE\Microsoft\Security Center\AntiVirusDisableNotify</TargetObject>
				<TargetObject name="technique_id=T1562.001,technique_name=Disable or Modify Tools" condition="begin with">HKLM\SOFTWARE\Policies\Microsoft\Windows Defender\DisableAntiSpyware</TargetObject><!--MDE-->
				<TargetObject name="technique_id=T1562.001,technique_name=Disable or Modify Tools" condition="begin with">HKLM\SOFTWARE\Policies\Microsoft\Windows Defender\DisableAntiVirus</TargetObject><!--MDE-->
				<TargetObject name="technique_id=T1562.001,technique_name=Disable or Modify Tools" condition="begin with">HKLM\SOFTWARE\Policies\Microsoft\Windows Defender\Real-Time Protection\DisableBehaviorMonitoring</TargetObject><!--MDE-->
				<TargetObject name="technique_id=T1562.001,technique_name=Disable or Modify Tools" condition="begin with">HKLM\SOFTWARE\Policies\Microsoft\Windows Defender\Real-Time Protection\DisableOnAccessProtection</TargetObject><!--MDE-->
				<TargetObject name="technique_id=T1562.001,technique_name=Disable or Modify Tools" condition="begin with">HKLM\SOFTWARE\Policies\Microsoft\Windows Defender\Real-Time Protection\DisableScanOnRealtimeEnable</TargetObject><!--MDE-->
				<TargetObject name="technique_id=T1562.001,technique_name=Disable or Modify Tools" condition="begin with">HKLM\SOFTWARE\Policies\Microsoft\Windows Defender\Real-Time Protection\DisableIOAVProtection</TargetObject><!--MDE-->
				<TargetObject name="technique_id=T1562.001,technique_name=Disable or Modify Tools" condition="begin with">HKLM\SOFTWARE\Policies\Microsoft\Windows Defender\Real-Time Protection\DisableRealtimeMonitoring</TargetObject><!--MDE-->
				<TargetObject name="technique_id=T1562.001,technique_name=Disable or Modify Tools" condition="begin with">HKLM\SOFTWARE\Policies\Microsoft\Windows Defender\Spynet\SpyNetReporting</TargetObject><!--MDE-->
				<TargetObject name="technique_id=T1562.001,technique_name=Disable or Modify Tools" condition="begin with">HKLM\SOFTWARE\Policies\Microsoft\Windows Defender</TargetObject>				<!--Microsoft:Defender: Detect changes to Defender administrative settings to monitor for disablement--><!--MDE-->
				<TargetObject name="technique_id=T1562.001,technique_name=Disable or Modify Tools" condition="contains all">HKLM\software\microsoft\microsoft antimalware\exclusions\</TargetObject><!--MDE-->
				<TargetObject name="technique_id=T1562.001,technique_name=Disable or Modify Tools" condition="begin with">HKLM\software\microsoft\Windows Advanced Threat Protection\TelLib</TargetObject><!--MDE-->
				<TargetObject name="technique_id=T1562.001,technique_name=Disable or Modify Tools" condition="begin with">HKLM\software\policies\microsoft\windows advanced threat protection\</TargetObject><!--MDE-->
			</RegistryEvent>
		</RuleGroup>
	</EventFiltering>
</Sysmon>
