<Sysmon schemaversion="4.30">
  <EventFiltering>
    <RuleGroup name="" groupRelation="or">
      <RegistryEvent onmatch="include">
        <TargetObject name="technique_id=T1562.001,technique_name=Disable or Modify Tools" condition="contains">SYSTEM\CurrentControlSet\services\SysmonDrv</TargetObject>        <!--Mitre -->        <!--Mitre T1562.006-->
        <TargetObject name="technique_id=T1562.001,technique_name=Disable or Modify Tools" condition="contains">SYSTEM\CurrentControlSet\services\Sysmon</TargetObject>        <!--Mitre -->        <!--Mitre T1562.006-->
      </RegistryEvent>
    </RuleGroup>
  </EventFiltering>
</Sysmon>
