<Sysmon schemaversion="4.30">
  <EventFiltering>
    <RuleGroup name="" groupRelation="or">
      <RegistryEvent onmatch="include">
        <TargetObject name="technique_id=T1562.002,technique_name=Disable Windows Event Logging" condition="contains all">\SYSTEM\;\Service\EventLog;Retention</TargetObject><!--MDE-->
        <TargetObject name="technique_id=T1562.002,technique_name=Disable Windows Event Logging" condition="contains all">\SYSTEM\;\Service\EventLog;MaxSize</TargetObject><!--MDE-->
      </RegistryEvent>
    </RuleGroup>
  </EventFiltering>
</Sysmon>
