<Sysmon schemaversion="4.30">
  <EventFiltering>
    <RuleGroup name="" groupRelation="or">
      <RegistryEvent onmatch="include">
        <TargetObject name="technique_id=T1546.015,technique_name=Component Object Model Hijacking" condition="contains all">Software\Classes\CLSID;inprocserver32</TargetObject>        <!--Appears in HKLM and HKCU--><!--MDE-->
        <TargetObject name="technique_id=T1546.015,technique_name=Component Object Model Hijacking" condition="contains all">Software\Classes\CLSID;localserver32</TargetObject>        <!--Appears in HKLM and HKCU--><!--MDE-->
				<TargetObject name="technique_id=T1546.015,technique_name=Component Object Model Hijacking" condition="contains all">Classes\CLSID\;TreatAs</TargetObject>				<!--https://bohops.com/2018/08/18/abusing-the-com-registry-structure-part-2-loading-techniques-for-evasion-and-persistence/--><!--MDE-->
      </RegistryEvent>
    </RuleGroup>
  </EventFiltering>
</Sysmon>
