<Sysmon schemaversion="4.30">
	<EventFiltering>
		<RuleGroup name="" groupRelation="or">
			<ProcessCreate onmatch="exclude">
				<CommandLine condition="begin with">C:\Windows\Microsoft.NET\Framework\v4.0.30319\ngen.exe</CommandLine>				<!--Microsoft:DotNet-->
				<Image condition="is">C:\Windows\Microsoft.NET\Framework64\v4.0.30319\mscorsvw.exe</Image>				<!--Microsoft:DotNet-->
				<Image condition="is">C:\Windows\Microsoft.NET\Framework\v4.0.30319\mscorsvw.exe</Image>				<!--Microsoft:DotNet-->
				<Image condition="is">C:\Windows\Microsoft.Net\Framework64\v3.0\WPF\PresentationFontCache.exe</Image>				<!--Microsoft:Windows: Font cache service-->
				<Image condition="is">C:\Windows\Microsoft.Net\Framework64\v3.0\WPF\PresentationFontCache.exe</Image>				<!--Microsoft:Windows: Font cache service-->
				<ParentCommandLine condition="contains">C:\Windows\Microsoft.NET\Framework64\v4.0.30319\ngentask.exe</ParentCommandLine>
				<ParentImage condition="is">C:\Windows\Microsoft.NET\Framework64\v4.0.30319\mscorsvw.exe</ParentImage>				<!--Microsoft:DotNet-->
				<ParentImage condition="is">C:\Windows\Microsoft.NET\Framework64\v4.0.30319\ngentask.exe</ParentImage>				<!--Microsoft:DotNet-->
				<ParentImage condition="is">C:\Windows\Microsoft.NET\Framework\v4.0.30319\mscorsvw.exe</ParentImage>				<!--Microsoft:DotNet-->
				<ParentImage condition="is">C:\Windows\Microsoft.NET\Framework\v4.0.30319\ngentask.exe</ParentImage>				<!--Microsoft:DotNet-->
				<ParentImage condition="is">C:\Windows\Microsoft.NET\Framework\v4.0.30319\ngentask.exe</ParentImage>				<!--Microsoft:DotNet: Spawns thousands of ngen.exe processes-->
			</ProcessCreate>
		</RuleGroup>
	</EventFiltering>
</Sysmon>