<Sysmon schemaversion="4.30">
  <EventFiltering>
    <RuleGroup name="" groupRelation="or">
      <ImageLoad onmatch="include">
        <!--Detect execution of HTA using the IE Javascript engine to bypass AMSI-->
        <!--Note: Rule placed before Windows Scriptingh to ensure it triggers on this on case any other component is used.-->
        <!---Thanks to Carlos Perez-->
        <Rule groupRelation="and">
          <OriginalFileName name="technique_id=T1218.005,technique_name=MSHTA with AMSI Bypass" condition="is">jscript.dll</OriginalFileName>
          <Image condition="end with">mshta.exe</Image>
        </Rule>
        <Rule groupRelation="and">
          <OriginalFileName name="technique_id=T1218.005,technique_name=MSHTA with AMSI Bypass" condition="is">jscript9.dll</OriginalFileName>
          <Image condition="end with">mshta.exe</Image>
        </Rule>        
      </ImageLoad>
    </RuleGroup>
  </EventFiltering>
</Sysmon>