<Sysmon schemaversion="4.60">
  <ArchiveDirectory>Sysmon</ArchiveDirectory><!-- Sets the Archive folder path for FileDelete:EID23 -->
  <EventFiltering>
    <!-- Event ID 23 == File Delete and overwrite events which saves a copy to the archivedir!-->
	<!-- for specifc extension collection - i've focused on end with for performance.-->
	<!-- In order to create a Sysmon file archive quota using builtin capabilities; WMI and PowerShell: -->
	<!-- https://blog.nviso.eu/2022/06/30/enforcing-a-sysmon-archive-quota/ -->
	<!-- Collect interesting files designed to be used with Velociraptor Sysmon Arcive monitoring/management -->
	<!-- https://docs.velociraptor.app/exchange/artifacts/pages/sysmonarchive -->
	<!-- https://docs.velociraptor.app/exchange/artifacts/pages/sysmonarchivemonitor/ -->
	<RuleGroup groupRelation="or">
		<FileDelete onmatch="include">
			<Rule  name="Executables" groupRelation="and">
				<IsExecutable>True</IsExecutable><!--archive any executable despite extension..-->
				<!-- simple exclusions in rule - more advanced in the exlcude section below-->
				<Image condition="is not">C:\Windows\system32\cleanmgr.exe</Image>
				<TargetFilename	condition="not end with">.mui</TargetFilename>
			</Rule>
			<Rule name="Office documents" groupRelation="or">
				<TargetFilename condition="end with">.doc</TargetFilename>
				<TargetFilename condition="end with">.dot</TargetFilename>
				<TargetFilename condition="end with">.docx</TargetFilename>
				<TargetFilename condition="end with">.docm</TargetFilename>
				<TargetFilename condition="end with">.doc</TargetFilename>
				<TargetFilename condition="end with">.dot</TargetFilename>
				<TargetFilename condition="end with">.docx</TargetFilename>
				<TargetFilename condition="end with">.docm</TargetFilename>
				<TargetFilename condition="end with">.dotx</TargetFilename>
				<TargetFilename condition="end with">.dotm</TargetFilename>
				<TargetFilename condition="end with">.docb</TargetFilename>
				<TargetFilename condition="end with">.xls</TargetFilename>
				<TargetFilename condition="end with">.xlt</TargetFilename>
				<TargetFilename condition="end with">.xlm</TargetFilename>
				<TargetFilename condition="end with">.xlsx</TargetFilename>
				<TargetFilename condition="end with">.xlsm</TargetFilename>
				<TargetFilename condition="end with">.xltx</TargetFilename>
				<TargetFilename condition="end with">.xltm</TargetFilename>
				<TargetFilename condition="end with">.xlsb</TargetFilename>
				<TargetFilename condition="end with">.ppt</TargetFilename>
				<TargetFilename condition="end with">.pptx</TargetFilename>
				<TargetFilename condition="end with">.pptm</TargetFilename>
				<TargetFilename condition="end with">.potx</TargetFilename>
				<TargetFilename condition="end with">.potm</TargetFilename>
				<TargetFilename condition="end with">.odt</TargetFilename> <!--open office-->
				<TargetFilename condition="end with">.ods</TargetFilename><!--open office-->
				<TargetFilename condition="end with">.odp</TargetFilename><!--open office-->
				<TargetFilename condition="end with">.pdf</TargetFilename><!--other document-->
				<TargetFilename condition="end with">.rtf</TargetFilename><!--other document-->
			</Rule>
			<Rule name="Scripts and payloads" groupRelation="or">
				<TargetFilename condition="end with">.aspx</TargetFilename>
				<TargetFilename condition="end with">.bat</TargetFilename>
				<TargetFilename condition="end with">.ps1</TargetFilename>
				<TargetFilename condition="end with">.vbs</TargetFilename>
				<TargetFilename condition="end with">.vba</TargetFilename>
				<TargetFilename condition="end with">.hta</TargetFilename>
				<TargetFilename condition="end with">.jar</TargetFilename>
				<TargetFilename condition="end with">.js</TargetFilename>
				<TargetFilename condition="end with">.cmd</TargetFilename>
				<TargetFilename condition="end with">.sh</TargetFilename>
				<TargetFilename condition="end with">.sct</TargetFilename>
				<TargetFilename condition="end with">.lnk</TargetFilename>
			</Rule>
			<Rule name="other interesting files" groupRelation="or">
				<TargetFilename condition="end with">.bin</TargetFilename>
				<TargetFilename condition="end with">.iso</TargetFilename>
				<TargetFilename condition="end with">.7z</TargetFilename>
				<TargetFilename condition="end with">.msi</TargetFilename>
				<TargetFilename condition="end with">.dmp</TargetFilename>
				<TargetFilename condition="end with">.reg</TargetFilename>
			</Rule>
		</FileDelete>
		<FileDelete onmatch="exclude">
			<Rule  groupRelation="and">
				<Image condition="is">C:\Windows\System32\svchost.exe</Image>
				<TargetFilename condition="end with">.tmp</TargetFilename><!--noisy system writes -->
			</Rule>
		</FileDelete>
	</RuleGroup>
  </EventFiltering>
</Sysmon>
